drain TotalCurrent(optipin_des) X,drain TotalCurrent(optipin_des) Y,drain TotalCurrent(pinfet_des) X,drain TotalCurrent(pinfet_des) Y
-0.5,1.2797087e-17,-0.4,1.2742276e-17
-0.5,3.3186673e-13,-0.4,2.0626757e-17
-0.425,3.7147759e-13,-0.392,2.0437186e-17
-0.35,3.8254874e-13,-0.384,2.0251167e-17
-0.275,3.858149e-13,-0.376,2.0071155e-17
-0.2,3.8751901e-13,-0.368,1.989443e-17
-0.125,3.8878583e-13,-0.36,1.9726477e-17
-0.05,3.8984632e-13,-0.352,1.9556696e-17
0.025,3.9075607e-13,-0.344,1.9400871e-17
0.1,3.9149534e-13,-0.336,1.9233135e-17
0.175,3.9179446e-13,-0.328,1.9079714e-17
0.25,3.9086851e-13,-0.32,1.8912043e-17
0.325,3.9268191e-13,-0.312,1.8756726e-17
0.4,4.4835963e-13,-0.304,1.8599469e-17
0.475,8.9924995e-13,-0.296,1.8443576e-17
0.55,3.8824731e-12,-0.288,1.8285194e-17
0.5875,9.4153211e-12,-0.28,1.8129751e-17
0.6175,2.0752984e-11,-0.272,1.797076e-17
0.6469,4.5428445e-11,-0.264,1.7828486e-17
0.675712,9.8951057e-11,-0.256,1.7683543e-17
0.70394776,2.3607502e-10,-0.248,1.7544363e-17
0.7316188,6.4598986e-10,-0.24,1.7402664e-17
0.75873643,1.9427421e-09,-0.232,1.7273882e-17
0.76538025,2.5455652e-09,-0.224,1.7142851e-17
0.76865786,2.8814318e-09,-0.216,1.7016851e-17
0.76946634,2.9503113e-09,-0.208,1.6887205e-17
0.76956605,2.9536085e-09,-0.2,1.677492e-17
0.76961558,2.9527167e-09,-0.192,1.6649485e-17
0.76962796,2.9502171e-09,-0.184,1.6543517e-17
0.76963415,2.9471217e-09,-0.176,1.6434548e-17
0.76963453,2.9466315e-09,-0.168,1.6315474e-17
0.76963487,2.947142e-09,-0.16,1.6214141e-17
0.76963502,2.4714318e-09,-0.152,1.6104527e-17
0.76963521,2.4714522e-09,-0.144,1.5992797e-17
0.76963557,2.4714938e-09,-0.136,1.58858e-17
0.76963631,2.4715767e-09,-0.128,1.5764741e-17
0.76963778,2.4717421e-09,-0.12,1.5650003e-17
0.76964073,2.4720713e-09,-0.112,1.5534727e-17
0.76964662,2.472723e-09,-0.104,1.5442053e-17
0.7696584,2.4739994e-09,-0.096,1.5320598e-17
0.76968196,2.4764442e-09,-0.088,1.5212493e-17
0.76972908,2.4809026e-09,-0.08,1.5111268e-17
0.76982332,2.4928173e-09,-0.072,1.500325e-17
0.77001054,2.5142686e-09,-0.064,1.4873009e-17
0.7703825,2.5574454e-09,-0.056,1.4771658e-17
0.77112144,2.6454765e-09,-0.048,1.4676236e-17
0.77258948,2.8295992e-09,-0.04,1.4558976e-17
0.77550598,3.2346241e-09,-0.032,1.4454389e-17
0.78126121,4.2106054e-09,-0.024,1.4361892e-17
0.79261821,7.0349639e-09,-0.016,1.4268727e-17
0.81502933,1.7978828e-08,-0.008,1.4208952e-17
0.85895515,7.2497882e-08,1.6653345e-16,1.4116419e-17
0.89645515,1.121012e-07,0.008,1.4062012e-17
0.91470515,8.7268934e-08,0.016,1.4034315e-17
0.95047515,1.7110992e-07,0.024,1.4004303e-17
0.97523757,2.2553704e-07,0.032,1.406056e-17
1,2.6163153e-07,0.04,1.4182519e-17
-,-,0.048,1.4342923e-17
-,-,0.056,1.4633056e-17
-,-,0.064,1.5068733e-17
-,-,0.072,1.5668562e-17
-,-,0.08,1.6556966e-17
-,-,0.088,1.7780825e-17
-,-,0.096,1.9447883e-17
-,-,0.104,2.1680148e-17
-,-,0.112,2.4702456e-17
-,-,0.12,2.8693132e-17
-,-,0.128,3.3970134e-17
-,-,0.136,4.0885974e-17
-,-,0.144,4.992412e-17
-,-,0.152,6.1603141e-17
-,-,0.16,7.6709739e-17
-,-,0.168,9.6061663e-17
-,-,0.176,1.2087366e-16
-,-,0.184,1.5241861e-16
-,-,0.192,1.9233729e-16
-,-,0.2,2.4272305e-16
-,-,0.208,3.0596341e-16
-,-,0.216,3.8491181e-16
-,-,0.224,4.829469e-16
-,-,0.232,6.0409699e-16
-,-,0.24,7.530333e-16
-,-,0.248,9.351336e-16
-,-,0.256,1.1566553e-15
-,-,0.264,1.4247109e-15
-,-,0.272,1.7472797e-15
-,-,0.28,2.1331083e-15
-,-,0.288,2.591845e-15
-,-,0.296,3.1339956e-15
-,-,0.304,3.7707483e-15
-,-,0.312,4.514061e-15
-,-,0.32,5.3766516e-15
-,-,0.328,6.3716448e-15
-,-,0.336,7.5126581e-15
-,-,0.344,8.8136556e-15
-,-,0.352,1.0288735e-14
-,-,0.36,1.1951217e-14
-,-,0.368,1.381225e-14
-,-,0.376,1.5877644e-14
-,-,0.384,1.8136968e-14
-,-,0.392,2.0525891e-14
-,-,0.4,2.2501095e-14
-,-,0.408,2.4181549e-14
-,-,0.416,2.8183402e-14
-,-,0.424,3.2886652e-14
-,-,0.432,3.831058e-14
-,-,0.44,4.431309e-14
-,-,0.448,4.161587e-14
-,-,0.456,4.9897413e-14
-,-,0.464,6.1797535e-14
-,-,0.472,7.7440751e-14
-,-,0.48,9.7942504e-14
-,-,0.488,1.2484508e-13
-,-,0.496,1.6040942e-13
-,-,0.504,2.0807591e-13
-,-,0.512,2.7348847e-13
-,-,0.52,3.6685639e-13
-,-,0.528,5.0638017e-13
-,-,0.532,6.0326872e-13
-,-,0.53599467,9.8593193e-13
-,-,0.54181623,1.2976379e-12
-,-,0.54981623,2.0938239e-12
-,-,0.55781623,3.2284086e-12
-,-,0.56581623,4.3862703e-12
-,-,0.57381623,5.7696626e-12
-,-,0.58181623,7.2854586e-12
-,-,0.58981623,9.0392148e-12
-,-,0.59081623,9.2827286e-12
-,-,0.59281356,1.159149e-11
-,-,0.59654724,1.289288e-11
-,-,0.60400465,1.5962768e-11
-,-,0.61200465,2.0124494e-11
-,-,0.62000465,2.5481688e-11
-,-,0.62800465,3.2502222e-11
-,-,0.63600465,4.192002e-11
-,-,0.64400465,5.485824e-11
-,-,0.65200465,7.3001168e-11
-,-,0.66000465,9.8853745e-11
-,-,0.66800465,1.3613196e-10
-,-,0.67600465,1.9033735e-10
-,-,0.68400465,2.6958706e-10
-,-,0.69200465,3.8578736e-10
-,-,0.70000465,5.5620735e-10
-,-,0.70800465,8.0540542e-10
-,-,0.71600465,1.1671325e-09
-,-,0.72400465,1.6853008e-09
-,-,0.73200465,2.4124347e-09
-,-,0.74000465,3.403802e-09
-,-,0.74800465,4.7066928e-09
-,-,0.75600465,6.3471837e-09
-,-,0.76400465,8.3181647e-09
-,-,0.77200465,1.0567263e-08
-,-,0.78000465,1.2963532e-08
-,-,0.78800465,1.488235e-08
-,-,0.79200465,1.3520683e-08
-,-,0.79998332,1.5809049e-08
-,-,0.80798332,1.7954145e-08
-,-,0.81598332,1.9753305e-08
-,-,0.82398332,2.101547e-08
-,-,0.83198332,2.1556215e-08
-,-,0.83998332,2.1156213e-08
-,-,0.84798332,1.9463212e-08
-,-,0.85598332,1.5872349e-08
-,-,0.86398332,1.5480861e-08
-,-,0.87198332,1.9238143e-08
-,-,0.87998332,2.4230405e-08
-,-,0.88798332,3.0027051e-08
-,-,0.89598332,3.6351808e-08
-,-,0.90398332,4.2923273e-08
-,-,0.91198332,4.9486805e-08
-,-,0.91998332,5.5856122e-08
-,-,0.92798332,6.1939999e-08
-,-,0.93598332,6.7725612e-08
-,-,0.94398332,7.3188438e-08
-,-,0.95198332,7.8210507e-08
-,-,0.95998332,8.2594433e-08
-,-,0.96798332,8.6097203e-08
-,-,0.97598332,8.8482899e-08
-,-,0.98398332,8.9547178e-08
-,-,0.99198332,8.9149794e-08
-,-,0.99998332,8.7280178e-08
-,-,1.0079833,8.409564e-08
-,-,1.0159833,7.9900824e-08
-,-,1.0239833,7.5072839e-08
-,-,1.0319833,6.9969089e-08
-,-,1.0399833,6.4863746e-08
-,-,1.0479833,5.9926342e-08
-,-,1.0559833,5.5221375e-08
-,-,1.0639833,5.1004413e-08
-,-,1.0719833,4.921554e-08
-,-,1.0799833,5.166466e-08
-,-,1.0879833,5.7159593e-08
-,-,1.0959833,6.4707199e-08
-,-,1.1039833,7.3914747e-08
-,-,1.1119833,8.1353265e-08
-,-,1.1199833,8.9539387e-08
-,-,1.1279833,9.8678973e-08
-,-,1.1359833,1.089657e-07
-,-,1.1439833,1.2086327e-07
-,-,1.1519833,1.3580566e-07
-,-,1.1599833,1.5517253e-07
-,-,1.1679833,1.8013619e-07
-,-,1.1759833,2.1093548e-07
-,-,1.1839833,2.4777155e-07
-,-,1.1919833,2.8591453e-07
-,-,1.1999833,3.2405375e-07
-,-,1.2,3.2413476e-07

